<?xml version="1.0" encoding="UTF-8"?><idempiere Name="2Pack" Version="1.0" idempiereVersion="" DataBaseVersion="" Description="JPiere Plugin WebUI Window" Author="" AuthorEmail="" CreatedDate="2014-08-28 12:30:06.834" UpdatedDate="2014-08-28 12:30:17.827" PackOutVersion="100" UpdateDictionary="false" Client="0-SYSTEM-System" AD_Client_UU="11237b53-9592-4af1-b3c5-afd216514b5d">
    <AD_Menu type="table">
        <Parent_ID reference="id">153</Parent_ID>
        <SeqNo>5</SeqNo>
        <AD_Menu_ID>141</AD_Menu_ID>
        <AD_Client_ID>0</AD_Client_ID>
        <AD_Org_ID>0</AD_Org_ID>
        <AD_Task_ID reference="id"/>
        <AD_Window_ID reference="id">102</AD_Window_ID>
        <AD_Menu_ID>141</AD_Menu_ID>
        <IsSummary>false</IsSummary>
        <IsSOTrx>true</IsSOTrx>
        <IsReadOnly>false</IsReadOnly>
        <AD_Process_ID reference="id"/>
        <EntityType>D</EntityType>
        <IsCentrallyMaintained>true</IsCentrallyMaintained>
        <Name>Window, Tab &amp; Field</Name>
        <Description>Maintain Windows, Tabs &amp; Fields</Description>
        <Action>W</Action>
        <AD_Menu_UU>7537181d-4ffe-43af-a4ef-54661c6eb68b</AD_Menu_UU>
        <IsActive>true</IsActive>
        <AD_Form_ID reference="id"/>
        <AD_InfoWindow_ID reference="id"/>
        <AD_Workflow_ID reference="id"/>
        <AD_Menu_Trl type="translation">
            <Name>ウィンドウ/タブ/フィールド</Name>
            <Description/>
            <AD_Language>ja_JP</AD_Language>
            <IsActive>true</IsActive>
            <IsTranslated>true</IsTranslated>
        </AD_Menu_Trl>
        <AD_Element type="table">
            <AD_Client_ID>0</AD_Client_ID>
            <AD_Org_ID>0</AD_Org_ID>
            <ColumnName>AdditionalHeaderLine</ColumnName>
            <Help/>
            <PO_Description/>
            <PO_Help/>
            <Name>Additional Header Line</Name>
            <Description/>
            <AD_Element_UU>5b1a0048-b7a3-4c95-b224-cefc6061f90d</AD_Element_UU>
            <PrintName>Additional Header Line</PrintName>
            <PO_Name/>
            <PO_PrintName/>
            <IsActive>true</IsActive>
            <EntityType>U</EntityType>
            <AD_Element_Trl type="translation">
                <Help/>
                <PO_Description/>
                <PO_Help/>
                <Name>追加ヘッダー行数</Name>
                <Description/>
                <PrintName>追加ヘッダー行数</PrintName>
                <PO_Name/>
                <PO_PrintName/>
                <AD_Language>ja_JP</AD_Language>
                <IsActive>true</IsActive>
                <IsTranslated>false</IsTranslated>
            </AD_Element_Trl>
        </AD_Element>
        <AD_Column type="table">
            <IsSyncDatabase>Y</IsSyncDatabase>
            <AD_Table_ID reference="id">106</AD_Table_ID>
            <AD_Reference_Value_ID reference="id"/>
            <AD_Client_ID>0</AD_Client_ID>
            <AD_Org_ID>0</AD_Org_ID>
            <SeqNoSelection>0</SeqNoSelection>
            <Version>0</Version>
            <ValueMax/>
            <IsMandatory>false</IsMandatory>
            <IsTranslated>false</IsTranslated>
            <IsIdentifier>false</IsIdentifier>
            <SeqNo>0</SeqNo>
            <ValueMin/>
            <IsParent>false</IsParent>
            <FieldLength>14</FieldLength>
            <IsSelectionColumn>false</IsSelectionColumn>
            <IsKey>false</IsKey>
            <AD_Process_ID reference="id"/>
            <ReadOnlyLogic/>
            <IsAutocomplete>false</IsAutocomplete>
            <IsAllowLogging>true</IsAllowLogging>
            <MandatoryLogic/>
            <FormatPattern/>
            <AD_Column_UU>0d13d56e-7541-4cc6-955b-c031bca7d81b</AD_Column_UU>
            <IsUpdateable>true</IsUpdateable>
            <Callout/>
            <ColumnName>AdditionalHeaderLine</ColumnName>
            <Description/>
            <ColumnSQL/>
            <DefaultValue>0</DefaultValue>
            <Help/>
            <Name>Additional Header Line</Name>
            <IsAllowCopy>true</IsAllowCopy>
            <IsActive>true</IsActive>
            <IsToolbarButton>false</IsToolbarButton>
            <IsAlwaysUpdateable>false</IsAlwaysUpdateable>
            <EntityType>U</EntityType>
            <VFormat/>
            <AD_Chart_ID reference="id"/>
            <IsEncrypted>N</IsEncrypted>
            <IsSecure>false</IsSecure>
            <FKConstraintName/>
            <FKConstraintType>N</FKConstraintType>
            <AD_Element_ID reference="uuid" reference-key="AD_Element">5b1a0048-b7a3-4c95-b224-cefc6061f90d</AD_Element_ID>
            <AD_Reference_ID reference="id">11</AD_Reference_ID>
            <AD_Val_Rule_ID reference="id"/>
        </AD_Column>
        <AD_Field type="table">
            <AD_Client_ID>0</AD_Client_ID>
            <AD_Org_ID>0</AD_Org_ID>
            <SortNo/>
            <IsEncrypted>false</IsEncrypted>
            <AD_Tab_ID reference="id">106</AD_Tab_ID>
            <DisplayLength>14</DisplayLength>
            <IsSameLine>false</IsSameLine>
            <IsHeading>false</IsHeading>
            <SeqNo>350</SeqNo>
            <IsCentrallyMaintained>true</IsCentrallyMaintained>
            <IsReadOnly>false</IsReadOnly>
            <Help/>
            <ObscureType/>
            <DisplayLogic/>
            <IsMandatory/>
            <AD_Val_Rule_ID reference="id"/>
            <Description/>
            <Name>Additional Header Line</Name>
            <AD_Field_UU>8001264b-126b-4a96-987e-379e0426ab38</AD_Field_UU>
            <IsDisplayed>true</IsDisplayed>
            <IsFieldOnly>false</IsFieldOnly>
            <DefaultValue/>
            <IsAllowCopy/>
            <IsQuickEntry>false</IsQuickEntry>
            <IsDisplayedGrid>true</IsDisplayedGrid>
            <IsActive>true</IsActive>
            <MandatoryLogic/>
            <SeqNoGrid>330</SeqNoGrid>
            <XPosition>4</XPosition>
            <IsUpdateable/>
            <IsAlwaysUpdateable/>
            <ReadOnlyLogic/>
            <IsToolbarButton/>
            <ColumnSpan>2</ColumnSpan>
            <NumLines>1</NumLines>
            <IsDefaultFocus>false</IsDefaultFocus>
            <IsAdvancedField>false</IsAdvancedField>
            <AD_Column_ID reference="uuid" reference-key="AD_Column">0d13d56e-7541-4cc6-955b-c031bca7d81b</AD_Column_ID>
            <AD_FieldGroup_ID reference="id"/>
            <AD_Reference_ID reference="id"/>
            <AD_Reference_Value_ID reference="id"/>
            <EntityType>U</EntityType>
            <Included_Tab_ID reference="id"/>
            <AD_Field_Trl type="translation">
                <Help/>
                <Description/>
                <Name>追加ヘッダー行数</Name>
                <AD_Language>ja_JP</AD_Language>
                <IsActive>true</IsActive>
                <IsTranslated>false</IsTranslated>
            </AD_Field_Trl>
        </AD_Field>
        <AD_Preference type="table">
            <AD_Preference_ID>200000</AD_Preference_ID>
            <AD_Client_ID>0</AD_Client_ID>
            <AD_Org_ID>0</AD_Org_ID>
            <AD_Preference_ID>200000</AD_Preference_ID>
            <Attribute>106|DetailPane.IsOpen</Attribute>
            <AD_Preference_UU>8366496c-2e0e-4898-92cc-0093cb95cecc</AD_Preference_UU>
            <Value>N</Value>
            <IsActive>true</IsActive>
            <AD_Window_ID reference="id">102</AD_Window_ID>
            <AD_User_ID reference="id"/>
            <AD_Process_ID reference="id"/>
            <PreferenceFor>W</PreferenceFor>
        </AD_Preference>
    </AD_Menu>
</idempiere>
